{
  "posts":[
    {
      "id":1,
      "m_AnimalName": "Mo",
      "m_Sex": "Female",
      "m_Family": "Canine",
      "m_SliderResetTime": 0.1,
      "m_BarColors": [
        {
          "r": 0.9490196108818054,
          "g": 0.21960784494876862,
          "b": 0.0,
          "a": 1.0
        },
        {
          "r": 0.9686274528503418,
          "g": 0.6549019813537598,
          "b": 0.0,
          "a": 1.0
        },
        {
          "r": 0.4274509847164154,
          "g": 0.7843137383460999,
          "b": 0.6980392336845398,
          "a": 1.0
        }
      ],
      "m_Appetite": 0.5,
      "m_HappinessDecreaseThreshold": 30.0,
      "m_HappinessIncreaseThreshold": 70.0,
      "m_HappinessDecreaseRate": 0.5,
      "m_HappinessIncreaseRate": 0.5,
      "m_FullSliderBonus": 30.0,
      "m_Nutrition": 20.0,
      "m_Cooldown": 10.0,
      "m_SecondsPerSecond": 1.0
    }
   ]
}
